legacyUrl	agentti	tila	kohde	huomio
/index.html	frame	dropped	/	Kehyssivu (frameset), 404 crawlissa; ei sisältöä; redirect nyt: /; HTTP 404
/yla.htm	frame	dropped	/	Kehyksen ylä-/linkkipalkki; navigaatio-singleton korvaa; redirect nyt: /
/links.htm	frame	dropped	/	Kehyksen ylä-/linkkipalkki; navigaatio-singleton korvaa; redirect nyt: /
/etusivu.htm	M6	migrated	etusivu	Singleton: seuraavaOttelu vanhalta etusivulta, hero lib/defaults.ts; Viimeiset-otsikot hakee uutiset-lohko
/yleista.htm	M6	migrated	sivu-klubi	Tarkoitus, perustaminen ja toimintalinkit; slug klubi
/otteluihin.htm	M2	merged	/jalkapalloarkisto/huuhkajat	Linkkihubi ottelusivuille ja arvokisoihin; ei omaa sisältöä. Linkkitekstit käytetty karsintadokumenttien otsikoissa.
/arvostelu.htm	M2	migrated	jalkapalloTilasto-huuhkaja-arvostelu	Kokonaispisteet + avauskokoonpanot; ottelukohtaiset valinnat omana dokumenttinaan huuhkaja-arvostelu-ottelut (sama legacyUrl)
/veikkaus.htm	M6	migrated	sivu-klubi-palloveikkaus	Hubi = palloveikkaussivun legacyUrl; kolme alasivua muutLegacyUrlit
/Kommentit2022.htm	M1	migrated	uutinen-2024-05-25-lukas-hradecky-tuuletti-tuplamestarina-nollapeli-saksan-cupin,uutinen-2024-04-14-bundesliigan-mestaruuden-voittanut-lukas-hradecky-viaplaylle-jarjeton,uutinen-2023-10-22-roman-eremenko-paljastaa-kokaiinikarynsa-taustat-mtv-urheilulle-jain,uutinen-2023-09-05-messi-muutti-kaiken,uutinen-2022-01-17-suomen-ja-tanskan-maajoukkueiden-kannattajille-the-best-fifa-fan-2021,uutinen-2022-01-13-huuhkajien-dramaattinen-em-avaus-vuoden-sykahdyttavin-urheiluhetki	6 uutista; 2022-01-13–2024-05-25
/stadionit.htm	M5	merged	/jalkapalloarkisto/stadionit	Stadionhubi (maa → kaupunki → stadion). Rakenne säilyy stadionien kaupunkiviittauksissa ja kaupunkien maissa; 17 stadionia listaussivulla.
/ruokailu.htm	ravintolat-valmis	merged	/ravintolat	Ravintolahubi: kaupunkilinkit + TOP-listat, johdettavissa ravintola-datasta; redirect nyt: /ravintolat
/historia.htm	M3	merged	/jalkapalloarkisto	Linkkihubi ilman omaa dataa; uusi /jalkapalloarkisto-hubi korvaa sen. Hubin kuvat: kuvat-dropped (tilastot-kuvat-dropped.json).
/blogi2017.htm	M1	migrated	uutinen-2020-12-13-jalleen-jalkapallokirja-huuhkajista,uutinen-2020-05-02-kirja-valmentajalegenda-markku-kanervasta,uutinen-2020-04-07-me-mennaan-kisoihin-huuhkajien-riemukas-eteneminen-em-turnaukseen,uutinen-2017-09-26-kirja-arvio-shefki-kuqi-kertoo-avoimesti-tarinansa	4 uutista; 2017-09-26–2020-12-13
/suomi.htm	M3	migrated	jalkapalloTilasto-suomen-mestarit	1 dok (suomen-mestarit: 119 riviä); kategoria champions
/otsikkoarkisto.htm	M1	merged	/uutiset/arkisto	Otsikkolista, ei omaa sisältöä. 300 uniikkia Blogspot-linkkiä jäsennetty tiedostoon data/normalized/uutiset-otsikkoarkisto.json, EI importattu (pääagentin päätös avoin; tyngät: import-uutiset.ts --otsikkoarkisto). Sisäisiin .htm-sivuihin osoittavat otsikot ovat muiden agenttien sisältöä.
/english.htm	M6	migrated	sivu-english	Slug english → /english (redirect nyt /klubi: päivitä)
/talkoot.htm	M6	migrated	klubiToiminta-talkoot	19 vuosimerkintää
/vappu.htm	M6	migrated	klubiToiminta-vappu	16 vuosimerkintää
/molkky.htm	M6	migrated	klubiToiminta-molkky	38 vuosimerkintää, 37 taulukkoa
/vuosikokous.htm	M6	migrated	klubiToiminta-vuosikokous	19 vuosimerkintää
/matkailu.htm	M6	migrated	klubiToiminta-matkailu	23 vuosimerkintää; redirect nyt /klubi/toiminta → päivitä /klubi/toiminta/matkailu
/ilotulitukset.htm	M6	migrated	klubiToiminta-ilotulitukset	0 vuosimerkintää; needsReview
/jouluruokailu.htm	M6	migrated	klubiToiminta-jouluruokailu	25 vuosimerkintää, 2 taulukkoa
/musiikki.htm	M6	migrated	klubiToiminta-musiikki	1 vuosimerkintää; redirect nyt /klubi/toiminta → päivitä /klubi/toiminta/musiikki; needsReview
/venetsialaiset.htm	M6	migrated	klubiToiminta-venetsialaiset	10 vuosimerkintää
/ottelut2026ja2027.htm	M2	migrated	jalkapalloTilasto-karsinta-em-2028	Karsintasivu /jalkapalloarkisto/karsinnat/karsinta-em-2028; Kansojen liigan taulukko omana dokumenttinaan kansojen-liiga-2026-2027 (sama legacyUrl, ohjaus päädokumenttiin)
/ottelut2024ja2025.htm	M2	migrated	jalkapalloTilasto-karsinta-mm-2026	Karsintasivu /jalkapalloarkisto/karsinnat/karsinta-mm-2026; Kansojen liigan taulukko omana dokumenttinaan kansojen-liiga-2024-2025 (sama legacyUrl, ohjaus päädokumenttiin)
/ottelut2022ja2023.htm	M2	migrated	jalkapalloTilasto-karsinta-em-2024	Karsintasivu /jalkapalloarkisto/karsinnat/karsinta-em-2024; Kansojen liigan taulukko omana dokumenttinaan kansojen-liiga-2022-2023 (sama legacyUrl, ohjaus päädokumenttiin)
/ottelut2020ja2021.htm	M2	migrated	jalkapalloTilasto-karsinta-mm-2022	Karsintasivu /jalkapalloarkisto/karsinnat/karsinta-mm-2022; Kansojen liigan taulukko omana dokumenttinaan kansojen-liiga-2020-2021 (sama legacyUrl, ohjaus päädokumenttiin)
/ottelut2018ja2019.htm	M2	migrated	jalkapalloTilasto-karsinta-em-2020	Karsintasivu /jalkapalloarkisto/karsinnat/karsinta-em-2020; Kansojen liigan taulukko omana dokumenttinaan kansojen-liiga-2018-2019 (sama legacyUrl, ohjaus päädokumenttiin)
/ottelut2016ja2017.htm	M2	migrated	jalkapalloTilasto-karsinta-mm-2018	Karsintasivu /jalkapalloarkisto/karsinnat/karsinta-mm-2018
/ottelut2014ja2015.htm	M2	migrated	jalkapalloTilasto-karsinta-em-2016	Karsintasivu /jalkapalloarkisto/karsinnat/karsinta-em-2016
/ottelut2012ja2013.htm	M2	migrated	jalkapalloTilasto-karsinta-mm-2014	Karsintasivu /jalkapalloarkisto/karsinnat/karsinta-mm-2014
/ottelut2010ja2011.htm	M2	migrated	jalkapalloTilasto-karsinta-em-2012	Karsintasivu /jalkapalloarkisto/karsinnat/karsinta-em-2012
/ottelut2008ja2009.htm	M2	migrated	jalkapalloTilasto-karsinta-mm-2010	Karsintasivu /jalkapalloarkisto/karsinnat/karsinta-mm-2010
/ottelut2006ja2007.htm	M2	migrated	jalkapalloTilasto-karsinta-em-2008	Karsintasivu /jalkapalloarkisto/karsinnat/karsinta-em-2008
/MM2026.htm	M4	migrated	arvokisa-mm-2026	–
/EM2024.htm	M4	migrated	arvokisa-em-2024	+ 6 lohkotaulukkoa (jalkapalloTilasto-em-2024-lohko-a …)
/MM2022.htm	M4	migrated	arvokisa-mm-2022	+ 8 lohkotaulukkoa (jalkapalloTilasto-mm-2022-lohko-a …)
/EM2020.htm	M4	migrated	arvokisa-em-2020	+ 6 lohkotaulukkoa (jalkapalloTilasto-em-2020-lohko-a …)
/MM2018.htm	M4	migrated	arvokisa-mm-2018	+ 8 lohkotaulukkoa (jalkapalloTilasto-mm-2018-lohko-a …)
/EM2016.htm	M4	migrated	arvokisa-em-2016	+ 6 lohkotaulukkoa (jalkapalloTilasto-em-2016-lohko-a …)
/MM2014.htm	M4	migrated	arvokisa-mm-2014	+ 8 lohkotaulukkoa (jalkapalloTilasto-mm-2014-lohko-a …)
/EM2012.htm	M4	migrated	arvokisa-em-2012	+ 4 lohkotaulukkoa (jalkapalloTilasto-em-2012-lohko-a …)
/MM2010.htm	M4	migrated	arvokisa-mm-2010	+ 8 lohkotaulukkoa (jalkapalloTilasto-mm-2010-lohko-a …)
/EM2008.htm	M4	migrated	arvokisa-em-2008	+ 4 lohkotaulukkoa (jalkapalloTilasto-em-2008-lohko-a …)
/pikkuhuuhkajat.htm	M4	migrated	arvokisa-u21-em-2009	ohjaus päivitettävä: /jalkapalloarkisto/arvokisat/u21-em-2009 (nyt /jalkapalloarkisto/pelaajat)
/veikkausmaaottelujentulos.htm	M6	merged	sivu-klubi-palloveikkaus	1 jalkapalloTilasto-dokumenttia (kategoria klubi), viitattu sivu.tilastot-kentästä; muutLegacyUrlit
/veikkausarvokisat.htm	M6	merged	sivu-klubi-palloveikkaus	12 jalkapalloTilasto-dokumenttia (kategoria klubi), viitattu sivu.tilastot-kentästä; muutLegacyUrlit
/veikkauspalloveikkaus.htm	M6	merged	sivu-klubi-palloveikkaus	21 jalkapalloTilasto-dokumenttia (kategoria klubi), viitattu sivu.tilastot-kentästä; muutLegacyUrlit
/kommentit2005.htm	M1	migrated	uutinen-2005-10-18-ensimmainen-karsinta-on-aina-harjoittelua-sen-on-tainnut-muurisen,uutinen-2005-10-13-omaa-jaksoaan-paavalmentajana-heliskoski-luonnehti-mielenkiintoiseksi,uutinen-2005-03-31-hyypian-kolumni-katkeraa	3 uutista; 2005-03-31–2005-10-18
/kommentit2006.htm	M1	migrated	uutinen-2006-12-24-loppuvuodesta-syntyneiden-kato-on-tuttu-juttu-palloliiton-seura-ja,uutinen-2006-12-09-hetemaj-t-ovat-kansallisuudeltaan-kosovon-albaaneja-ja-heidan,uutinen-2006-11-11-jari-litmanen-olet-toipumassa-salaisesta-operaatiosta-eli,uutinen-2006-10-22-pekka-hamalainen-valittiin-sunnuntaina-22-10-jatkamaan-suomen,uutinen-2006-09-28-roy-hodgson-te-olette-suomalaisia-ja-te-olette-olleet-vain-suomessa,uutinen-2006-09-23-suomessa-on-jossain-ihmetelty-uuden-maajoukkuevalmentajan,uutinen-2006-09-19-portugalin-maajoukkueen-menestysvalmentajan-luiz-felipe-scolarin,uutinen-2006-09-09-pilapiirros-maajoukkueessa-nelja-pelaajaa-lahdesta,uutinen-2006-09-08-pilapiirros-eremenko-olisin-mieluummin-venalainen,uutinen-2006-01-18-suomen-jalkapallomaajoukkueen-paavalmentaja-roy-hodgson,uutinen-2006-01-16-roy-hodgson-58-on-pitkalla-urallaan-esitelty-uutena-paavalmentajana	11 uutista; 2006-01-16–2006-12-24; needsReview 8
/kommentit2007q1.htm	M1	migrated	uutinen-2007-03-20-roma-valitsi-tottin-litmasen-sijaan,uutinen-2007-03-05-kansainvalinen-jalkapalloliitto-fifa-ja-puola-ovat-paasseet-sopuun,uutinen-2007-02-28-forssellin-mukaan-uusi-paavalmentaja-roy-hodgson-on-tuonut,uutinen-2007-02-28-fc-lahti-pystyy-toiminnanjohtaja-jussi-lumion-mukaan-kuittaamaan,uutinen-2007-02-27-fc-lahden-tiukka-taloustilanne-estaa-suunnitellun-etelan-leirin,uutinen-2007-02-10-pilapiirros-litille-puuhataan-nakoispatsasta,uutinen-2007-02-01-palloliitto-siunasi-kuusysin-ja-city-starsin-liiton,uutinen-2007-01-30-palloliiton-liittohallituksen-kokous-30-01-2007-palloliitto-suhtautui,uutinen-2007-01-28-pelaajan-oma-tahto-on-aina-tarkea-sita-ei-pida-ylenkatsoa,uutinen-2007-01-27-michel-platinin-valinta-euroopan-jalkapalloliiton-uefan,uutinen-2007-01-22-kansainvalinen-jalkapalloliitto-fifa-ja-lajin-eurooppalainen,uutinen-2007-01-09-suomessa-on-ihmetelty-yleisesti-alle-21-vuotiaiden-maajoukkueen	12 uutista; 2007-01-09–2007-03-20; needsReview 8
/kommentit2007q2.htm	M1	migrated	uutinen-2007-06-13-hyypia-huuhkajat-maajoukkueen-lempinimeksi,uutinen-2007-06-05-kuusysin-ex-maajoukkuemiehet-arvostelevat-brittivalmentajaa,uutinen-2007-05-12-seitseman-lahtelaiskannattajaa-putkaan,uutinen-2007-04-19-veikkausliigan-mestareiden-taloudellinen-tulos-mestaruusvuonna-2000,uutinen-2007-04-18-puola-ja-ukraina-em-kisaisanniksi-2012,uutinen-2007-04-04-tampere-united-teki-satojen-tuhansien-tappion	6 uutista; 2007-04-04–2007-06-13
/kommentit2007q3.htm	M1	migrated	uutinen-2007-09-27-mikael-forssell-tyraleikkaukseen,uutinen-2007-09-21-hamalainen-ja-hodgson-jatkoivat-keskusteluja-tulevaisuudesta,uutinen-2007-07-11-syvyytta-analyyseihin	3 uutista; 2007-07-11–2007-09-27
/kommentit2007q4.htm	M1	migrated	uutinen-2007-12-29-hodgson-fulhamiin-niemen-ja-kuqin-piiskuriksi,uutinen-2007-11-30-hodgson-jattaa-suomen-ja-siirtyy-interiin,uutinen-2007-10-31-pele-iloitsee-brasilian-mm-isannyydesta,uutinen-2007-10-13-litti-pinssit-myyntiin-hollantia-myoten,uutinen-2007-10-07-littia-veistamaan,uutinen-2007-10-05-pelaajat-valitsivat-kakan-maailman-parhaaksi,uutinen-2007-10-04-roy-hodgson-median-edessa,uutinen-2007-10-02-roy-hodgson-litmanen-on-patsaan-arvoinen	8 uutista; 2007-10-02–2007-12-29
/kommentit2008q1.htm	M1	migrated	uutinen-2008-03-29-litmanen-kannattaa-fc-lahden-mallia,uutinen-2008-02-07-stuart-baxter-tentissa,uutinen-2008-02-08-litmanen-baxter-samoilla-linjoilla-hodgsonin-kanssa,uutinen-2008-02-02-kisapuiston-stadioniin-tuoretta-virtaa,uutinen-2008-01-31-jari-litmanen-loppukaudeksi-fulhamiin,uutinen-2008-01-30-rakas-jalkapallo-on-vuoden-urheilukirja,uutinen-2008-01-16-kisapuisto-fc-lahti-reipas-kuusysi,uutinen-2008-01-12-taloudessa-tuli-taas-turpiin,uutinen-2008-01-03-ex-paavalmentaja-kuoli-101-vuotiaana	9 uutista; 2008-01-03–2008-03-29
/kommentit2008q2.htm	M1	migrated	uutinen-2008-06-25-sadikilla-edessa-saksan-opinnot,uutinen-2008-05-31-forssell-vaihtoehtoja-oli-italiassa-ja-espanjassa,uutinen-2008-05-20-oliver-kahn-paatti-uransa-mestaruuteen,uutinen-2008-04-16-litmasen-kommentit-kisapuiston-kehittamisesta,uutinen-2008-04-01-hodgson-for-finland	5 uutista; 2008-04-01–2008-06-25
/kommentit2008q3.htm	M1	migrated	uutinen-2008-09-28-baxter-kehittakaa-suomalainen-pelityyli,uutinen-2008-09-10-baxter-iloinen-tasapelistakin,uutinen-2008-08-08-jari-litmanen-palaa-fc-lahteen	3 uutista; 2008-08-08–2008-09-28
/kommentit2008q4.htm	M1	migrated	uutinen-2008-12-17-fc-lahden-omistajat,uutinen-2008-12-04-baxterilla-vankka-luotto-hyypiaan,uutinen-2008-12-02-litmanen-vaistyy-hyypian-tielta,uutinen-2008-11-13-fc-lahden-yhtioittaminen-etenee-suunnatun-osakeannin-ensimmainen,uutinen-2008-10-26-lahti-juhli-pronssia-kuin-mestaruutta,uutinen-2008-10-19-litmanen-yhtioittaminen-ja-kisapuisto-avainasioita,uutinen-2008-10-11-baxterilta-huuhkajille-ruusuja-ja-risuja,uutinen-2008-10-07-baxter-laittoi-pisteen-eremenko-keskustelulle,uutinen-2008-10-03-jari-litmanen-fc-lahti-yhtioon	9 uutista; 2008-10-03–2008-12-17
/kommentit2009q1.htm	M1	migrated	uutinen-2009-03-25-walesista-vain-voitto-kelpaa,uutinen-2009-03-03-litmas-patsas-kaatui-rahapulaan,uutinen-2009-02-17-kampman-vaatii-muutoksia-ja-pian,uutinen-2009-01-30-rautaruukki-pelkaa-jattitilauksensa-puolesta	4 uutista; 2009-01-30–2009-03-25
/kommentit2009q2.htm	M1	migrated	uutinen-2009-04-16-jari-litmanen-pelaa-fc-lahdessa-myos-kaudella-2009,uutinen-2009-04-15-martti-rinta-oli-kuusysin-kultavuosien-takuumies	2 uutista; 2009-04-15–2009-04-16
/kommentit2009q3.htm	M1	migrated	uutinen-2009-08-26-baxter-huolissaan-suomalaisesta-hyokkayskoulutuksesta	1 uutista; 2009-08-26–2009-08-26
/kommentit2009q4.htm	M1	migrated	uutinen-2009-11-22-baxter-litti-on-loistava-voimavara	1 uutista; 2009-11-22–2009-11-22
/kommentit2010q1.htm	M1	migrated	uutinen-2010-10-20-valkoisen-paidan-paluu-fc-kuusysi-palaa-miesten-tasolle,uutinen-2010-08-02-baxter-en-ole-celticin-palveluksessa,uutinen-2010-06-01-seka-italian-etta-suomen-juniorimaajoukkueet-ovat-kutsuneet-lauri,uutinen-2009-03-10-patsashanke-jari-litmasesta-toteutuu	4 uutista; 2009-03-10–2010-10-20; needsReview 1
/kommentit2011q1.htm	M1	migrated	uutinen-2011-05-02-sami-hyypia-lopettaa-uransa-heti-huippuvalmentajaksi,uutinen-2011-03-23-johansson-myonsi-lopettamispaatoksen-vaikeaksi	2 uutista; 2011-03-23–2011-05-02
/kommentit2012q1.htm	M1	migrated	uutinen-2012-05-15-sopimus-julki-hyypialle-pitka-jatko-leverkuseniin,uutinen-2012-01-31-aki-riihilahti-lopettaa-aktiiviuransa	2 uutista; 2012-01-31–2012-05-15
/kommentit2013q1.htm	M1	migrated	uutinen-2013-01-01-hyypialla-selvat-tavoitteet-kaksi-paikkaa-on-lahella-sydantani	1 uutista; 2013-01-01–2013-01-01; needsReview 1
/kommentit2015q1.htm	M1	migrated	uutinen-2015-02-14-tainio-paattaa-komean-uransa	1 uutista; 2015-02-14–2015-02-14
/kommentit2017.htm	M1	migrated	uutinen-2017-11-20-yllatyspaatos-kapteeni-moisander-32-lopettaa-maajoukkueuransa,uutinen-2017-06-08-jussi-jaaskelainen-paattaa-pelaajauransa-on-paljon-annettavaa	2 uutista; 2017-06-08–2017-11-20; duplikaatti "Väyrysen pelaajaura ohi – tähtää huippuvalmentajaksi" säilytetty sivulla /kommentit2018.htm; duplikaatti "Huuhkajien taistelijahahmo Hetemaj lopettaa maajoukkueuransa" säilytetty sivulla /kommentit2018.htm
/kommentit2018.htm	M1	migrated	uutinen-2018-10-01-huuhkajien-luottopelaaja-alexander-ring-lopettaa-maajoukkueuransa,uutinen-2018-05-19-bayern-munchen-on-lyoty-lukas-hradeck-torjui-saksan-cupin-voiton,uutinen-2018-05-12-mikael-forssell-lopettaa-pelaajauransa-olen-koko-elamani-pelannyt,uutinen-2018-01-26-huuhkajien-lahtelainen-luottopakki-lopettaa-maajoukkueessa,uutinen-2018-01-09-vayrysen-pelaajaura-ohi-tahtaa-huippuvalmentajaksi,uutinen-2018-01-08-huuhkajien-taistelijahahmo-hetemaj-lopettaa-maajoukkueuransa	6 uutista; 2018-01-08–2018-10-01
/kommentit2019.htm	M1	migrated	uutinen-2019-12-24-huuhkajien-maalivahti-lucas-hradeckylle-arvostettu-kunnianosoitus,uutinen-2019-09-13-huuhkaja-fanien-kentalle-ryntayksesta-10-000-euron-sakot,uutinen-2019-09-13-teemu-pukki-putsasi-palkintopoydan-valioliigan-viralliseksi-kuukauden,uutinen-2019-09-02-teemu-pukki-valioliigan-kuukauden-pelaaja,uutinen-2019-08-23-valtava-takaisku-huuhkajille-roman-eremenko-ei-halunnut-liittya	5 uutista; 2019-08-23–2019-12-24
/Kommentit2020.htm	M1	migrated	uutinen-2020-03-17-em-lopputurnaus-siirtyy-kesalle-2021-seurajoukkuekausi-2019-20,uutinen-2020-01-16-teemu-pukki-vuoden-urheilija-palkintosadetta-huuhkajille	2 uutista; 2020-01-16–2020-03-17
/Kommentit2021.htm	M1	migrated	uutinen-2021-12-20-tim-sparv-lopettaa-upean-uransa,uutinen-2021-11-17-joona-toivio-ja-paulus-arajuuri-paattavat-maajoukkueuransa,uutinen-2021-01-14-jalkapallo-juhli-urheilugaalassa-hradecky-vuoden-urheilija-kanerva	3 uutista; 2021-01-14–2021-12-20
/stadionhelsinkiolympiastadion.htm	M5	migrated	stadion-helsinkiolympiastadion	kaupunki-helsinki; 2 kuvaa; needsReview: Kapasiteetti ei ole lähteessä yksiselitteinen: sivun tekstissä 37 725, sivun otsikkotiedossa (<title>) 40 000. Käytetty tekstin arvoa — tarkista ajantasainen luku.
/stadiontshekkinastinadlech.htm	M5	migrated	stadion-tshekkinastinadlech	kaupunki-teplice (uusi); 1 kuva
/stadionhelsinkifinnairstadium.htm	M5	migrated	stadion-helsinkifinnairstadium	kaupunki-helsinki; 2 kuvaa
/stadionlahtiurheilukeskus.htm	M5	migrated	stadion-lahtiurheilukeskus	kaupunki-lahti; 1 kuva
/stadionlahtikisapuisto.htm	M5	migrated	stadion-lahtikisapuisto	kaupunki-lahti; 1 kuva; nimi normalisoitu: "Kisapuisto Lahti" → "Kisapuisto"
/stadionmoskovalokomotiv.htm	M5	migrated	stadion-moskovalokomotiv	kaupunki-moskova (uusi); 2 kuvaa; nimi normalisoitu: "Lokomotiv Stadion Moskova" → "Lokomotiv Stadion"
/stadionlahtisuurhalli.htm	M5	migrated	stadion-lahtisuurhalli	kaupunki-lahti; 1 kuva; nimi normalisoitu: "Suurhalli Lahti" → "Suurhalli"
/pietarikrestovskystadium.htm	M5	migrated	stadion-pietarikrestovskystadium	kaupunki-pietari (uusi); 2 kuvaa
/stadiontampereratina.htm	M5	migrated	stadion-tampereratina	kaupunki-tampere; 2 kuvaa; needsReview: Kapasiteetti ei ole lähteessä yksiselitteinen: sivun tekstissä 16 800, sivun otsikkotiedossa (<title>) 17 000. Käytetty tekstin arvoa — tarkista ajantasainen luku.
/stadionventspilslimpiskaissportacenters.htm	M5	migrated	stadion-ventspilslimpiskaissportacenters	kaupunki-ventspils; 3 kuvaa; nimi normalisoitu: "Ventspils Olimpiskais Sporta Centers" → "Olimpiskais Sporta Centers"
/stadionturkuveritas.htm	M5	migrated	stadion-turkuveritas	kaupunki-turku; 2 kuvaa
/stadiontartotammestadium.htm	M5	migrated	stadion-tartotammestadium	kaupunki-tarto; 3 kuvaa; nimi normalisoitu: "Tarto Tamme Stadium" → "Tamme Stadium"
/stadionvorustadium.htm	M5	migrated	stadion-vorustadium	kaupunki-voru (uusi); 2 kuvaa; nimi normalisoitu: "VöruStadium" → "Võru Stadium"
/stadiontallinnaAlecoq.htm	M5	migrated	stadion-tallinnaalecoq	kaupunki-tallinna; 2 kuvaa
/wembleylontoo.htm	M5	migrated	stadion-wembleylontoo	kaupunki-lontoo; 2 kuvaa; needsReview: Lähteen 'Otettu käyttöön: 1923' koskee vanhaa Wembleytä; nykyinen stadion (kuvat 2013) avattiin 2007. Tarkista rakennusvuosi.; nimi normalisoitu: "Lontoo Wembley" → "Wembley"
/ateenanolympiastadion.htm	M5	migrated	stadion-ateenanolympiastadion	kaupunki-ateena (uusi); 4 kuvaa
/stadionkoopenhaminaparken.htm	M5	migrated	stadion-koopenhaminaparken	kaupunki-koopenhamina; 2 kuvaa
/ruokailutop5.htm	ravintolat-valmis	merged	/ravintolat	TOP 5 -listat vuosittain; johdettavissa arvosanoista. Tarkista vuosilistojen tarve; redirect nyt: /ravintolat
/ruokailuhelsinki.htm	ravintolat-valmis	migrated	/ravintolat?kaupunki=helsinki	Migroitu (parse/import-ravintolat); redirect nyt: /ravintolat?kaupunki=helsinki
/ruokailulahti.htm	ravintolat-valmis	migrated	/ravintolat?kaupunki=lahti	Migroitu (parse/import-ravintolat); redirect nyt: /ravintolat?kaupunki=lahti
/ruokailutampere.htm	ravintolat-valmis	migrated	/ravintolat?kaupunki=tampere	Migroitu (parse/import-ravintolat); redirect nyt: /ravintolat?kaupunki=tampere
/ruokailulappeenranta.htm	ravintolat-valmis	migrated	/ravintolat?kaupunki=lappeenranta	Migroitu (parse/import-ravintolat); redirect nyt: /ravintolat?kaupunki=lappeenranta
/ruokailukotka.htm	ravintolat-valmis	migrated	/ravintolat?kaupunki=kotka	Migroitu (parse/import-ravintolat); redirect nyt: /ravintolat?kaupunki=kotka
/ruokailuimatra.htm	ravintolat-valmis	migrated	/ravintolat?kaupunki=imatra	Migroitu (parse/import-ravintolat); redirect nyt: /ravintolat?kaupunki=imatra
/ruokailuvarsinaissuomi.htm	ravintolat-valmis	migrated	/ravintolat?kaupunki=varsinaissuomi	Migroitu (parse/import-ravintolat); redirect nyt: /ravintolat?kaupunki=varsinaissuomi
/ruokailuoulu.htm	ravintolat-valmis	migrated	/ravintolat?kaupunki=oulu	Migroitu (parse/import-ravintolat); redirect nyt: /ravintolat?kaupunki=oulu
/ruokailulappi.htm	ravintolat-valmis	migrated	/ravintolat?kaupunki=lappi	Migroitu (parse/import-ravintolat); redirect nyt: /ravintolat?kaupunki=lappi
/ruokailuuusimaa.htm	ravintolat-valmis	migrated	/ravintolat?kaupunki=uusimaa	Migroitu (parse/import-ravintolat); redirect nyt: /ravintolat?kaupunki=uusimaa
/ruokailuheinola.htm	ravintolat-valmis	migrated	/ravintolat?kaupunki=heinola	Migroitu (parse/import-ravintolat); redirect nyt: /ravintolat?kaupunki=heinola
/ruokailuhameenlinna.htm	ravintolat-valmis	migrated	/ravintolat?kaupunki=hameenlinna	Migroitu (parse/import-ravintolat); redirect nyt: /ravintolat?kaupunki=hameenlinna
/ruokailuturku.htm	ravintolat-valmis	migrated	/ravintolat?kaupunki=turku	Migroitu (parse/import-ravintolat); redirect nyt: /ravintolat?kaupunki=turku
/ruokailulontoo.htm	ravintolat-valmis	migrated	/ravintolat?kaupunki=lontoo	Migroitu (parse/import-ravintolat); redirect nyt: /ravintolat?kaupunki=lontoo
/ruokailuparkano.htm	ravintolat-valmis	migrated	/ravintolat?kaupunki=parkano	Migroitu (parse/import-ravintolat); redirect nyt: /ravintolat?kaupunki=parkano
/ruokailupirkanmaa.htm	ravintolat-valmis	migrated	/ravintolat?kaupunki=pirkanmaa	Migroitu (parse/import-ravintolat); redirect nyt: /ravintolat?kaupunki=pirkanmaa
/ruokailubelgia.htm	ravintolat-valmis	migrated	/ravintolat?kaupunki=belgia	Migroitu (parse/import-ravintolat); redirect nyt: /ravintolat?kaupunki=belgia
/ruokailumikkeli.htm	ravintolat-valmis	migrated	/ravintolat?kaupunki=mikkeli	Migroitu (parse/import-ravintolat); redirect nyt: /ravintolat?kaupunki=mikkeli
/ruokailuTshekki.htm	ravintolat-valmis	migrated	/ravintolat?kaupunki=tshekki	Migroitu (parse/import-ravintolat); redirect nyt: /ravintolat?kaupunki=tshekki
/ruokailusavonlinna.htm	ravintolat-valmis	migrated	/ravintolat?kaupunki=savonlinna	Migroitu (parse/import-ravintolat); redirect nyt: /ravintolat?kaupunki=savonlinna
/ruokailusaksa.htm	ravintolat-valmis	migrated	/ravintolat?kaupunki=saksa	Migroitu (parse/import-ravintolat); redirect nyt: /ravintolat?kaupunki=saksa
/ruokailuportugali.htm	ravintolat-valmis	migrated	/ravintolat?kaupunki=portugali	Migroitu (parse/import-ravintolat); redirect nyt: /ravintolat?kaupunki=portugali
/ruokailutallinna.htm	ravintolat-valmis	migrated	/ravintolat?kaupunki=tallinna	Migroitu (parse/import-ravintolat); redirect nyt: /ravintolat?kaupunki=tallinna
/ruokailutarto.htm	ravintolat-valmis	migrated	/ravintolat?kaupunki=tarto	Migroitu (parse/import-ravintolat); redirect nyt: /ravintolat?kaupunki=tarto
/ruokailuvaasa.htm	ravintolat-valmis	migrated	/ravintolat?kaupunki=vaasa	Migroitu (parse/import-ravintolat); redirect nyt: /ravintolat?kaupunki=vaasa
/ruokailuirlanti.htm	ravintolat-valmis	migrated	/ravintolat?kaupunki=irlanti	Migroitu (parse/import-ravintolat); redirect nyt: /ravintolat?kaupunki=irlanti
/ruokailuriika.htm	ravintolat-valmis	migrated	/ravintolat?kaupunki=riika	Migroitu (parse/import-ravintolat); redirect nyt: /ravintolat?kaupunki=riika
/ruokailuventspils.htm	ravintolat-valmis	migrated	/ravintolat?kaupunki=ventspils	Migroitu (parse/import-ravintolat); redirect nyt: /ravintolat?kaupunki=ventspils
/ruokailuranska.htm	ravintolat-valmis	migrated	/ravintolat?kaupunki=ranska	Migroitu (parse/import-ravintolat); redirect nyt: /ravintolat?kaupunki=ranska
/ruokailuslovakia.htm	ravintolat-valmis	migrated	/ravintolat?kaupunki=slovakia	Migroitu (parse/import-ravintolat); redirect nyt: /ravintolat?kaupunki=slovakia
/ruokailusveitsi.htm	ravintolat-valmis	migrated	/ravintolat?kaupunki=sveitsi	Migroitu (parse/import-ravintolat); redirect nyt: /ravintolat?kaupunki=sveitsi
/ruokailuruotsi.htm	ravintolat-valmis	migrated	/ravintolat?kaupunki=ruotsi	Migroitu (parse/import-ravintolat); redirect nyt: /ravintolat?kaupunki=ruotsi
/ruokailukokkola.htm	ravintolat-valmis	migrated	/ravintolat?kaupunki=kokkola	Migroitu (parse/import-ravintolat); redirect nyt: /ravintolat?kaupunki=kokkola
/ruokailuespanja.htm	ravintolat-valmis	migrated	/ravintolat?kaupunki=espanja	Migroitu (parse/import-ravintolat); redirect nyt: /ravintolat?kaupunki=espanja
/ruokailukroatia.htm	ravintolat-valmis	migrated	/ravintolat?kaupunki=kroatia	Migroitu (parse/import-ravintolat); redirect nyt: /ravintolat?kaupunki=kroatia
/ruokailuslovenia.htm	ravintolat-valmis	migrated	/ravintolat?kaupunki=slovenia	Migroitu (parse/import-ravintolat); redirect nyt: /ravintolat?kaupunki=slovenia
/ruokailupuolavarsova.htm	ravintolat-valmis	migrated	/ravintolat?kaupunki=puolavarsova	Migroitu (parse/import-ravintolat); redirect nyt: /ravintolat?kaupunki=puolavarsova
/ruokailukreikka.htm	ravintolat-valmis	migrated	/ravintolat?kaupunki=kreikka	Migroitu (parse/import-ravintolat); redirect nyt: /ravintolat?kaupunki=kreikka
/ruokailuvenaja.htm	ravintolat-valmis	migrated	/ravintolat?kaupunki=venaja	Migroitu (parse/import-ravintolat); redirect nyt: /ravintolat?kaupunki=venaja
/ruokailuturkki.htm	ravintolat-valmis	migrated	/ravintolat?kaupunki=turkki	Migroitu (parse/import-ravintolat); redirect nyt: /ravintolat?kaupunki=turkki
/ruokailuitalia.htm	ravintolat-valmis	migrated	/ravintolat?kaupunki=italia	Migroitu (parse/import-ravintolat); redirect nyt: /ravintolat?kaupunki=italia
/ruokailuislanti.htm	ravintolat-valmis	migrated	/ravintolat?kaupunki=islanti	Migroitu (parse/import-ravintolat); redirect nyt: /ravintolat?kaupunki=islanti
/ruokailutanska.htm	ravintolat-valmis	migrated	/ravintolat?kaupunki=tanska	Migroitu (parse/import-ravintolat); redirect nyt: /ravintolat?kaupunki=tanska
/ruokailuhollanti.htm	ravintolat-valmis	migrated	/ravintolat?kaupunki=hollanti	Migroitu (parse/import-ravintolat); redirect nyt: /ravintolat?kaupunki=hollanti
/suomenparasavauskokoonpano.htm	M2	migrated	jalkapalloTilasto-suomen-paras-avauskokoonpano-2004-2008	Viisi vuosilohkoa → suomen-paras-avauskokoonpano-2004-2008, suomen-paras-avauskokoonpano-2009-2013, suomen-paras-avauskokoonpano-2014-2018, suomen-paras-avauskokoonpano-2019-2023, suomen-paras-avauskokoonpano-2024-2025 (sama legacyUrl, ohjaus ensimmäiseen)
/maailmanparhaat.htm	M3	migrated	jalkapalloTilasto-maailman-parhaat-pelaajat	1 dok (maailman-parhaat-pelaajat: 20 riviä); kategoria ballon-dor
/maaottelut2004_6.htm	M2	merged	jalkapalloTilasto-suomen-paras-avauskokoonpano-2004-2008	Toteutunut avaus 2004–2006 vain taulukkokuvina (2 kpl); kuvat liitetty päädokumenttiin (muutLegacyUrlit)
/mmtilasto.htm	M4	migrated	jalkapalloTilasto-mm-kisojen-mitalistit	25 riviä + keski-ikäkaavio (kuvat); 98 Wikimedia-lippukuvaa pudotettu; ohjaus /jalkapalloarkisto/arvokisat säilyy
/pelaajatilasto.htm	M2	migrated	jalkapalloTilasto-huuhkajat-pelaajatilasto-a-maaottelut	Kaksi rinnakkaista listaa → huuhkajat-pelaajatilasto-a-maaottelut + huuhkajat-pelaajatilasto-maalit (sama legacyUrl)
/emtilasto.htm	M4	migrated	jalkapalloTilasto-em-kisojen-mitalistit	17 riviä; 51 Wikimedia-lippukuvaa pudotettu; ohjaus /jalkapalloarkisto/arvokisat säilyy
/pelaajienottelumaara.htm	M2	merged	jalkapalloTilasto-suomen-paras-avauskokoonpano-2004-2008	Data vain kaaviona (Maaottelut2009.jpg) + päivämäärälista; kaavio ja teksti liitetty päädokumenttiin (muutLegacyUrlit)
/eurocuptilasto.htm	M3	migrated	jalkapalloTilasto-mestareiden-liiga	2 dok (mestareiden-liiga: 34 riviä, euroopan-cup: 37 riviä); kategoria eurocup; muut: jalkapalloTilasto-euroopan-cup
/suomenika.htm	M2	merged	jalkapalloTilasto-suomen-paras-avauskokoonpano-2004-2008	Data vain kaavioina (huukajienika.png, ika.jpg); kaaviot ja teksti liitetty päädokumenttiin (muutLegacyUrlit)
/uefacup.htm	M3	migrated	jalkapalloTilasto-uefa-cup-eurooppa-liiga	1 dok (uefa-cup-eurooppa-liiga: 68 riviä); kategoria uefa-cup
/suomenvalmentajat.htm	M3	migrated	jalkapalloTilasto-huuhkajien-paavalmentajat	1 dok (huuhkajien-paavalmentajat: 28 riviä); kategoria valmentajat
/cupvoittajiencup.htm	M3	migrated	jalkapalloTilasto-cupvoittajien-cup-konferenssiliiga	1 dok (cupvoittajien-cup-konferenssiliiga: 48 riviä); kategoria conference-league
/fifaranking.htm	M3	migrated	jalkapalloTilasto-fifa-ranking	1 dok (fifa-ranking: 0 riviä); kategoria fifa-ranking; needsReview: Rankinghistoria on lähteessä vain kuvana (FIFAranking202604.png); sivulla ei ole tekstitaulukkoa (docs/11 §7.3 'data tekstinä' ei täyty).
/supercup.htm	M3	migrated	jalkapalloTilasto-uefa-supercup	1 dok (uefa-supercup: 55 riviä); kategoria super-cup
/intercontinental.htm	M3	migrated	jalkapalloTilasto-seurajoukkueiden-mm	1 dok (seurajoukkueiden-mm: 32 riviä); kategoria intercontinental
/puheenjohtajat.htm	M3	migrated	jalkapalloTilasto-palloliiton-puheenjohtajat	1 dok (palloliiton-puheenjohtajat: 16 riviä); kategoria palloliitto
/euroopan_paras_pelaaja.htm	M3	migrated	jalkapalloTilasto-euroopan-paras-pelaaja	1 dok (euroopan-paras-pelaaja: 54 riviä); kategoria ballon-dor
/vuodenpelaaja.htm	M3	migrated	jalkapalloTilasto-suomen-vuoden-pelaaja	1 dok (suomen-vuoden-pelaaja: 79 riviä); kategoria vuoden-pelaaja
/FIFAvuodenpelaaja.htm	M3	migrated	jalkapalloTilasto-fifan-vuoden-pelaaja	1 dok (fifan-vuoden-pelaaja: 32 riviä); kategoria vuoden-pelaaja
/litmanenjari.htm	M4	migrated	pelaaja-jari-litmanen	needsReview: seuralista päättyy lähteessä "FC Lahti (2008-)": tietolaatikko on vanhentunut (HJK 2011 mainitaan sivun teksteissä, ei listassa) — tarkista seurat
/englanti.htm	M3	migrated	jalkapalloTilasto-englannin-seurojen-mestaruudet	2 dok (englannin-seurojen-mestaruudet: 54 riviä, englannin-mestarit: 155 riviä); kategoria ulkomaiset-mestarit; muut: jalkapalloTilasto-englannin-mestarit
/lupaavia.htm	M3	migrated	jalkapalloTilasto-lupaavat-1980-1986	2 dok (lupaavat-1980-1986: 57 riviä, lupaavat-1987-1991: 62 riviä); kategoria lupaavat; muut: jalkapalloTilasto-lupaavat-1987-1991
/venaja.htm	M3	migrated	jalkapalloTilasto-venajan-mestarit	1 dok (venajan-mestarit: 93 riviä); kategoria ulkomaiset-mestarit
/unohtumattomat.htm	M2	migrated	jalkapalloTilasto-unohtumattomat	Kategoria muu; Picasa-linkit pudotettu (kuolleet)
/maanosaliittojencup.htm	M3	migrated	jalkapalloTilasto-maanosaliittojen-cup	1 dok (maanosaliittojen-cup: 11 riviä); kategoria intercontinental
/puutteellisetjarjestelyt.htm	M5	migrated	jalkapalloTilasto-puutteelliset-jarjestelyt	kategoria muu; 67 riviä, 30 kuvaa selostuksissa (lisatiedot); uusi slug puutteelliset-jarjestelyt — redirect osoittaa nyt /jalkapalloarkisto/stadionit, integraatio päättää
/kansojenliiga.htm	M4	migrated	jalkapalloTilasto-kansojen-liigan-mitalistit	+ arvokisa-kansojen-liiga-2019, arvokisa-kansojen-liiga-2021, arvokisa-kansojen-liiga-2023, arvokisa-kansojen-liiga-2025 (yksi arvokisa per kausi, uutinen kauden kuvaukseen); ohjaus /jalkapalloarkisto/arvokisat säilyy
/top10jalkapallojarkytykset.htm	M3	migrated	jalkapalloTilasto-top10-jarkytykset	1 dok (top10-jarkytykset: 10 riviä); kategoria saavutukset
/top10jalkapallosaavutukset.htm	M3	migrated	jalkapalloTilasto-top10-saavutukset	1 dok (top10-saavutukset: 10 riviä); kategoria saavutukset
/englanninylintasohuuhkajat.htm	M2	migrated	jalkapalloTilasto-huuhkajat-englannin-ylimmalla-sarjatasolla	Pelaajat + seurat (huuhkajat-englannin-ylimmalla-sarjatasolla-seurat, sama legacyUrl)
/toriparkki.htm	M6	migrated	sivu-toriparkki	Kuvapäiväkirja; slug toriparkki (redirect nyt /jalkapalloarkisto: väärä, päivitä /toriparkki)
/blogi2006.htm	M1	migrated	uutinen-2006-12-31-vuonna-2006-maajoukkue-on-tayttanyt-loistavasti-suuret-odotukset-kun,uutinen-2006-12-21-vuonna-1989-90-syntyneista-lupaavista-pelaajista-historia-lupaavia,uutinen-2006-11-18-puheenjohtaja-pekka-hamalaisen-ja-maajoukkueen-pelaajien-julkinen,uutinen-2006-11-17-suomi-voitti-armenian-1-0-keskiviikkona-ja-otti-tarkeat-kolme,uutinen-2006-11-06-sunnuntaina-29-10-2006-klo-8-29-alkoi-jalleen-tyomatkani-lahdesta,uutinen-2006-10-24-lahden-suomalaisen-klubin-sivut-tayttavat-tanaan-vuoden,uutinen-2006-10-15-jarjestelyt-pettivat-taas-kerran-suomalaisessa-jalkapallossa,uutinen-2006-10-12-voitto-siis-tuli-suomelle-kazakstanista,uutinen-2006-09-21-tuli-maanantaina-kaytya-manun-loungessa-syomassa-old-traffordilla,uutinen-2006-09-21-lahden-suomalaisen-klubin-asiantuntija-kavi-pietarissa-petrovskii,uutinen-2006-09-15-tama-on-lahden-suomalaisen-klubin-sivujen-blogi	11 uutista; 2006-09-15–2006-12-31; needsReview 4
/blogi2007q1.htm	M1	migrated	uutinen-2007-03-29-bakun-katastrofi,uutinen-2007-03-22-lahden-messut-oy-haluaa-lopettaa-jalkapallopelit-suurhallissa,uutinen-2007-03-19-tanaan-19-03-2007-on-uusin-liputuspaiva-eli-minna-canthin-paiva,uutinen-2007-03-17-suomessa-jalkapalloliiga-alkaa-vasta-huhtikuun-lopussa-kun-vahintaan,uutinen-2007-03-16-jarjestelyt-pettivat-taas-suomalaisessa-jalkapallossa-ja-nyt,uutinen-2007-03-08-palloliiton-liittohallitus-paatti-tanaan-etta-suomi-kazakstan-em,uutinen-2007-02-25-historiakirja-rakas-jalkapallo-sata-vuotta-suomalaista-jalkapalloa,uutinen-2007-02-24-liigacup-sopii-loistavasti-suomen-jalkapallon-kalenteriin-talvella,uutinen-2007-02-07-jarjestelyt-pettivat-taas-kerran-suomalaisessa-jalkapallossa,uutinen-2007-01-31-roy-hodgson-toimii-selkeasti-suomen-maajoukkueessa-eri-tavalla-kuin,uutinen-2007-01-29-perinteinen-lahti-cup-viikonloppu-oli-jalleen-jalkapallofanin-talven,uutinen-2007-01-27-lahti-cup-26-01-2007-fc-lahti-fc-levandia-0-0-5-4-rp	12 uutista; 2007-01-27–2007-03-29; needsReview 5
/blogi2007q2.htm	M1	migrated	uutinen-2007-06-30-litmasen-pelaamattomuus-ei-kiinnosta-lehdistoa,uutinen-2007-06-25-tupakointi-ja-alkoholinkaytto-jalkapallo-otteluissa,uutinen-2007-06-07-huuhkajat-voittivat-belgian-2-0,uutinen-2007-06-03-hodgson-katastrofi-suomelle,uutinen-2007-05-20-hodgson-valitsi-sadikin-parhaaksi-pelaajaksi,uutinen-2007-05-05-fc-city-stars-ei-nayta-haastavan-fc-lahtea,uutinen-2007-04-28-fc-lahden-henkinen-kantti-petti-jalleen,uutinen-2007-04-13-lahti-voitti-vihdoinkin-pokaalin,uutinen-2007-04-07-hiljainen-viikko	9 uutista; 2007-04-07–2007-06-30
/blogi2007q3.htm	M1	migrated	uutinen-2007-09-16-marraskuussa-huuhkajat-pelaa-olympiastadionilla,uutinen-2007-09-15-puolustuslinja-piti-serbiaa-ja-puolaa-vastaan,uutinen-2007-08-23-huuhkajien-asemat-kohenivat,uutinen-2007-08-18-blackburnin-tahdet-anjalankosken-stadionilla,uutinen-2007-08-13-jarjestelyt-pettivat-jalleen,uutinen-2007-07-31-rakuunat-pelaa-venalaisin-voimin,uutinen-2007-07-20-turvatarkastukset-yllattivat-kannattajan,uutinen-2007-07-01-kirja-viela-yksi-maali-kertoo-mikael-forssellin-tiesta	8 uutista; 2007-07-01–2007-09-16
/blogi2007q4.htm	M1	migrated	uutinen-2007-12-30-maajoukkueen-valmentajaksi-kutsutaan,uutinen-2007-12-08-huuhkajien-em-karsinta-oli-pettymys,uutinen-2007-10-14-klubin-pallopaivan-tulokset-2-0-1-0-0-0,uutinen-2007-10-01-jarjestelyt-pettivat-jalleen-suomalaisessa-jalkapallossa	4 uutista; 2007-10-01–2007-12-30
/blogi2008q1.htm	M1	migrated	uutinen-2008-03-30-liigacupia-kanahakissa,uutinen-2008-02-03-lahti-cupia-voi-viela-kehittaa,uutinen-2008-01-27-huuhkajien-mm-karsintojen-ohjelma-ei-ole-taydellinen,uutinen-2008-01-06-jari-litmasen-pinssi-hankittu	4 uutista; 2008-01-06–2008-03-30
/blogi2008q2.htm	M1	migrated	uutinen-2008-06-12-suomen-jalkapallokulttuuri-osoittautui-jalleen-heikoksi,uutinen-2008-05-30-turkki-pelin-analyysit,uutinen-2008-05-26-fc-lahti-tepasteli-tappion,uutinen-2008-05-25-litmanen-ja-forssell-fc-lahteen,uutinen-2008-05-10-pietarin-zenitista-tulossa-euroopan-suurseura,uutinen-2008-04-05-huuhkajien-ongelmat-hyokkayksessa-ja-maalivahtipelissa	6 uutista; 2008-04-05–2008-06-12
/blogi2008q3.htm	M1	migrated	uutinen-2008-09-27-liikenneruuhkaa-jalkapallopelissa,uutinen-2008-08-23-jalleen-surkeat-suomalaiset-erotuomarit,uutinen-2008-08-18-jalkapallon-tyhjiot-suomessa,uutinen-2008-08-14-jalleen-surkeita-kysymyksia-toimittajilta-baxterille,uutinen-2008-08-12-kuninkaan-paluu-fc-lahti-kups-8-1,uutinen-2008-08-01-litmanen-jattaa-paatoksen-viime-tippaan,uutinen-2008-07-28-otteluohjelma-on-pelin-tarkein-asiapaperi,uutinen-2008-07-20-suomifutiksen-jarjestelyt-pettivat-jalleen,uutinen-2008-07-09-kirja-guus-kaikenvoipa-kertoo-jalkapallolegenda-guus-hiddinkin,uutinen-2008-07-03-em-kilpailut-ja-suomen-tulevat-mm-karsinnat	10 uutista; 2008-07-03–2008-09-27
/blogi2008q4.htm	M1	migrated	uutinen-2008-10-18-moskovan-matkaraportti-turpaan-tuli-ja-kunnolla,uutinen-2008-10-05-mainostaulut-kaatuilivat-jalleen-jalkapallo-ottelussa	2 uutista; 2008-10-05–2008-10-18
/blogi2009q1.htm	M1	migrated	uutinen-2009-03-21-tsaari-puski-kuninkaan-kumoon,uutinen-2009-03-10-litmanen-ohjaa-kisapuistossa,uutinen-2009-02-14-baxterilla-heikot-naytot,uutinen-2009-01-17-zenitin-uuden-stadionin-rakentaminen-jaadytetty	4 uutista; 2009-01-17–2009-03-21
/blogi2009q2.htm	M1	migrated	uutinen-2009-06-23-huuhkajat-ja-sukupolvenvaihdos,uutinen-2009-04-13-mita-tekee-litmanen	2 uutista; 2009-04-13–2009-06-23
/blogi2009q3.htm	M1	migrated	uutinen-2009-08-27-naisten-jalkapallo-ottelu-tamakin-on-nyt-sitten-koettu,uutinen-2009-08-14-kirja-eteenpain-ylospain-kertoo-fc-kuusysin-tarinan	2 uutista; 2009-08-14–2009-08-27
/blogi2010q1.htm	M1	migrated	uutinen-2010-07-24-lahtelaisessa-jalkapallossa-mielenkiintoiset-ajat,uutinen-2010-03-21-huuhkajien-mahdollisuudet-em-karsinnassa	2 uutista; 2010-03-21–2010-07-24
/blogi2010q2.htm	M1	migrated	uutinen-2010-09-08-huuhkajilla-jarkyttava-avaus-em-karsinnassa	1 uutista; 2010-09-08–2010-09-08
/blogi2011q1.htm	M1	migrated	uutinen-2011-04-24-viimeinen-jannitys-naytelma,uutinen-2011-04-17-huuhkajat-ja-vaara-strategia	2 uutista; 2011-04-17–2011-04-24
/blogi2012q2.htm	M1	migrated	uutinen-2012-09-21-klubi-kiittaa-ja-kumartaa,uutinen-2012-09-05-huuhkaja-tormaa-kukkoon,uutinen-2012-04-14-lahtelaisen-penkkiurheilijan-unelmaviikko,uutinen-2012-04-13-missa-pelaa-litmanen	4 uutista; 2012-04-13–2012-09-21
/blogi2014q1.htm	M1	migrated	uutinen-2014-12-28-huuhkajien-surkea-aloitus-em-karsinnoissa,uutinen-2014-05-04-suomen-jalkapallon-merkittavimmat-ongelmat,uutinen-2014-02-01-huuhkajien-turha-harjoitusottelu-omanissa	3 uutista; 2014-02-01–2014-12-28
/blogi2015q1.htm	M1	migrated	uutinen-2015-09-17-kirjailija-jari-litmanen	1 uutista; 2015-09-17–2015-09-17
/litmanen.htm	M4	merged	pelaaja-jari-litmanen	muutLegacyUrlit; loukkaantumistaulukko jalkapalloTilasto-jari-litmanen-loukkaantumiset (pelaaja.tilastot), terveysuutiset kuvaukseen
/kommentitvenaja.htm	M1	migrated	uutinen-2016-08-10-fifa-ja-venaja-huolissaan-pietarin-mm-stadionin-aikataulusta,uutinen-2011-08-26-kaikkien-aikojen-ihmiskauppa	2 uutista; 2011-08-26–2016-08-10; duplikaatti "Rautaruukki pelkää jättitilauksensa puolesta" säilytetty sivulla /kommentit2009q1.htm
/suomenvalmentajientulot.htm	M3	migrated	jalkapalloTilasto-valmentajien-palkat	1 dok (valmentajien-palkat: 0 riviä); kategoria valmentajien-palkat
/Kuu.htm	M6	merged	ravintola-kuu	Arviokommentit valmiina data/normalized/klubi-ravintola-arviot.json; EI importoitu (ravintola on toisen putken dokumentti, --replace tuhoaisi kentät) → integraatio patchaa review/images/muutLegacyUrlit. Redirect nyt /jalkapalloarkisto: väärä
/Loiste.htm	M6	merged	ravintola-ravintola-loiste-vaakuna	Arviokommentit valmiina data/normalized/klubi-ravintola-arviot.json; EI importoitu (ravintola on toisen putken dokumentti, --replace tuhoaisi kentät) → integraatio patchaa review/images/muutLegacyUrlit. Redirect nyt /jalkapalloarkisto: väärä
/Salud.htm	M6	merged	ravintola-salud	Arviokommentit valmiina data/normalized/klubi-ravintola-arviot.json; EI importoitu (ravintola on toisen putken dokumentti, --replace tuhoaisi kentät) → integraatio patchaa review/images/muutLegacyUrlit. Redirect nyt /jalkapalloarkisto: väärä
/suomen%20paras%20avauskokoonpano.htm	M2	merged	jalkapalloTilasto-suomen-paras-avauskokoonpano-2004-2008	Varhaisempi versio samasta sivusta: otsikko + avauskuvat 2004–2007, jotka ovat jo päädokumentissa
/litmanenjaripatsas.htm	M4	merged	pelaaja-jari-litmanen	muutLegacyUrlit; 16 patsaskuvaa kuvateksteineen pelaaja.kuvat-galleriaan
/toriparkkilahti.htm	M6	merged	sivu-toriparkki	Tekniset tiedot osiona; muutLegacyUrlit (redirect nyt /jalkapalloarkisto: päivitä /toriparkki)
/blogi2011q2.htm	M1	migrated	uutinen-2011-12-30-kirja-matti-hagmanista-kertoo-avoimesti-kingin-tarinan,uutinen-2011-06-20-suomifutiksen-pohjakosketus	2 uutista; 2011-06-20–2011-12-30
/blogi2012q3.htm	M1	migrated	uutinen-2012-09-25-dokumentti-kuningas-litmanen	1 uutista; 2012-09-25–2012-09-25
/kommentitvenaja2007.htm	M1	migrated	uutinen-2007-11-12-pahoinpidelty-eremenko-jr-sivuun-em-karsinnasta,uutinen-2007-11-11-zenit-venajan-jalkapallomestari,uutinen-2007-03-13-zenit-haluaa-mestariksi,uutinen-2007-02-28-venajan-jalkapalloliigassa-liikkuvat-tata-nykya-isot-rahat,uutinen-2007-02-13-venajan-liigan-parhaaksi-pelaajaksi-valitulla-pietarin-zenitin-andrei,uutinen-2007-01-15-mita-viela,uutinen-2006-12-20-vain-muutaman-tunnin-junamatkan-paassa-suomesta-jalkapallo-on-suuren	7 uutista; 2006-12-20–2007-11-12; needsReview 1
/kommentitvenaja2008.htm	M1	migrated	uutinen-2008-11-07-mestarivalmentaja-advocaat-jatkaa-zenitissa,uutinen-2008-10-01-rakuunat-on-venalainen-aavejoukkue,uutinen-2008-09-12-michael-laudrup-moskovan-spartakin-perasimeen,uutinen-2008-08-25-zenit-rikkoi-venajan-siirtoennatyksen,uutinen-2008-05-14-pietarin-zenit-kaappasi-uefa-cupin-voiton,uutinen-2008-03-18-zenit-vastaan-moskova,uutinen-2008-01-17-toni-kallio-siirtyy-shinnik-jaroslavliin,uutinen-2008-01-12-liverpool-hankki-slovakkitopparin	8 uutista; 2008-01-12–2008-11-07
