404	355	index.html
200	874	yla.htm
200	3189	links.htm
200	3250	etusivu.htm
200	3831	yleista.htm
200	3390	otteluihin.htm
200	96148	arvostelu.htm
200	1425	veikkaus.htm
200	26992	Kommentit2022.htm
200	8365	stadionit.htm
200	191082	ruokailu.htm
200	8210	historia.htm
200	12630	blogi2017.htm
200	389665	suomi.htm
200	118580	otsikkoarkisto.htm
200	1203	english.htm
200	6570	talkoot.htm
200	5595	vappu.htm
200	385835	molkky.htm
200	7548	vuosikokous.htm
200	4716	matkailu.htm
200	1067	ilotulitukset.htm
200	7947	jouluruokailu.htm
200	1550	musiikki.htm
200	3882	venetsialaiset.htm
200	8676	ottelut2026ja2027.htm
200	22089	ottelut2024ja2025.htm
200	21512	ottelut2022ja2023.htm
200	24091	ottelut2020ja2021.htm
200	101201	ottelut2018ja2019.htm
200	66404	ottelut2016ja2017.htm
200	46531	ottelut2014ja2015.htm
200	49694	ottelut2012ja2013.htm
200	52100	ottelut2010ja2011.htm
200	41170	ottelut2008ja2009.htm
200	49657	ottelut2006ja2007.htm
200	6273	MM2026.htm
200	9482	EM2024.htm
200	13608	MM2022.htm
200	8891	EM2020.htm
200	17689	MM2018.htm
200	32092	EM2016.htm
200	16266	MM2014.htm
200	7451	EM2012.htm
200	15399	MM2010.htm
200	11666	EM2008.htm
200	10349	pikkuhuuhkajat.htm
200	87855	veikkausmaaottelujentulos.htm
200	791089	veikkausarvokisat.htm
200	311491	veikkauspalloveikkaus.htm
200	7851	kommentit2005.htm
200	17167	kommentit2006.htm
200	11662	kommentit2007q1.htm
200	12763	kommentit2007q2.htm
200	5022	kommentit2007q3.htm
200	23971	kommentit2007q4.htm
200	30654	kommentit2008q1.htm
200	10772	kommentit2008q2.htm
200	9668	kommentit2008q3.htm
200	22462	kommentit2008q4.htm
200	9618	kommentit2009q1.htm
200	8173	kommentit2009q2.htm
200	3451	kommentit2009q3.htm
200	5278	kommentit2009q4.htm
200	10441	kommentit2010q1.htm
200	8246	kommentit2011q1.htm
200	5590	kommentit2012q1.htm
200	6615	kommentit2013q1.htm
200	6175	kommentit2015q1.htm
200	12208	kommentit2017.htm
200	18141	kommentit2018.htm
200	11733	kommentit2019.htm
200	4949	Kommentit2020.htm
200	13152	Kommentit2021.htm
200	1344	stadionhelsinkiolympiastadion.htm
200	774	stadiontshekkinastinadlech.htm
200	980	stadionhelsinkifinnairstadium.htm
200	2145	stadionlahtiurheilukeskus.htm
200	1376	stadionlahtikisapuisto.htm
200	1084	stadionmoskovalokomotiv.htm
200	847	stadionlahtisuurhalli.htm
200	588	pietarikrestovskystadium.htm
200	1025	stadiontampereratina.htm
200	1454	stadionventspilslimpiskaissportacenters.htm
200	1234	stadionturkuveritas.htm
200	1328	stadiontartotammestadium.htm
200	1126	stadionvorustadium.htm
200	1171	stadiontallinnaAlecoq.htm
200	436	wembleylontoo.htm
200	1255	ateenanolympiastadion.htm
200	583	stadionkoopenhaminaparken.htm
200	66470	ruokailutop5.htm
200	168420	ruokailuhelsinki.htm
200	308415	ruokailulahti.htm
200	39538	ruokailutampere.htm
200	16740	ruokailulappeenranta.htm
200	6320	ruokailukotka.htm
200	2561	ruokailuimatra.htm
200	2752	ruokailuvarsinaissuomi.htm
200	2624	ruokailuoulu.htm
200	5268	ruokailulappi.htm
200	16665	ruokailuuusimaa.htm
200	2874	ruokailuheinola.htm
200	4899	ruokailuhameenlinna.htm
200	14811	ruokailuturku.htm
200	14963	ruokailulontoo.htm
200	4636	ruokailuparkano.htm
200	3906	ruokailupirkanmaa.htm
200	3123	ruokailubelgia.htm
200	5500	ruokailumikkeli.htm
200	3780	ruokailuTshekki.htm
200	7966	ruokailusavonlinna.htm
200	6707	ruokailusaksa.htm
200	3907	ruokailuportugali.htm
200	3891	ruokailutallinna.htm
200	2713	ruokailutarto.htm
200	9834	ruokailuvaasa.htm
200	3750	ruokailuirlanti.htm
200	2772	ruokailuriika.htm
200	3305	ruokailuventspils.htm
200	10759	ruokailuranska.htm
200	3880	ruokailuslovakia.htm
200	1475	ruokailusveitsi.htm
200	7249	ruokailuruotsi.htm
200	3380	ruokailukokkola.htm
200	3101	ruokailuespanja.htm
200	2576	ruokailukroatia.htm
200	3596	ruokailuslovenia.htm
200	3658	ruokailupuolavarsova.htm
200	5269	ruokailukreikka.htm
200	39602	ruokailuvenaja.htm
200	2567	ruokailuturkki.htm
200	1248	ruokailuitalia.htm
200	2090	ruokailuislanti.htm
200	1184	ruokailutanska.htm
200	2405	ruokailuhollanti.htm
200	56203	suomenparasavauskokoonpano.htm
200	49449	maailmanparhaat.htm
200	445	maaottelut2004_6.htm
200	31455	mmtilasto.htm
200	32181	pelaajatilasto.htm
200	17555	emtilasto.htm
200	1141	pelaajienottelumaara.htm
200	141469	eurocuptilasto.htm
200	1305	suomenika.htm
200	204757	uefacup.htm
200	96740	suomenvalmentajat.htm
200	100214	cupvoittajiencup.htm
200	63495	fifaranking.htm
200	169737	supercup.htm
200	34304	intercontinental.htm
200	44481	puheenjohtajat.htm
200	137903	euroopan_paras_pelaaja.htm
200	300214	vuodenpelaaja.htm
200	111188	FIFAvuodenpelaaja.htm
200	94085	litmanenjari.htm
200	470157	englanti.htm
200	442750	lupaavia.htm
200	215184	venaja.htm
200	9454	unohtumattomat.htm
200	8959	maanosaliittojencup.htm
200	60449	puutteellisetjarjestelyt.htm
200	13938	kansojenliiga.htm
200	16590	top10jalkapallojarkytykset.htm
200	13227	top10jalkapallosaavutukset.htm
200	9901	englanninylintasohuuhkajat.htm
200	16581	toriparkki.htm
200	13843	blogi2006.htm
200	13978	blogi2007q1.htm
200	11016	blogi2007q2.htm
200	10990	blogi2007q3.htm
200	7049	blogi2007q4.htm
200	6427	blogi2008q1.htm
200	11492	blogi2008q2.htm
200	15427	blogi2008q3.htm
200	8615	blogi2008q4.htm
200	7314	blogi2009q1.htm
200	5233	blogi2009q2.htm
200	4539	blogi2009q3.htm
200	6764	blogi2010q1.htm
200	6323	blogi2010q2.htm
200	5801	blogi2011q1.htm
200	10209	blogi2012q2.htm
200	11399	blogi2014q1.htm
200	4891	blogi2015q1.htm
200	179431	litmanen.htm
200	4218	kommentitvenaja.htm
200	4641	suomenvalmentajientulot.htm
200	2466	Kuu.htm
200	708	Loiste.htm
200	3774	Salud.htm
200	734	suomen%20paras%20avauskokoonpano.htm
200	6239	litmanenjaripatsas.htm
200	4162	toriparkkilahti.htm
200	7398	blogi2011q2.htm
200	4548	blogi2012q3.htm
200	12772	kommentitvenaja2007.htm
200	17595	kommentitvenaja2008.htm
